Release Date,Movie,Production Budget,Domestic Gross,Worldwide Gross
12/18/09,Avatar,"$425,000,000 ","$760,507,625 ","$2,776,345,279 "
,,,,
5/20/11,Pirates of the Caribbean: On Stranger Tides,"$410,600,000 ","$241,063,875 ","$1,045,663,875 "
,,,,
5/1/15,Avengers: Age of Ultron,"$330,600,000 ","$459,005,868 ","$1,405,057,855 "
,,,,
12/15/17,Star Wars Ep. VIII: The Last Jedi,"$317,000,000 ","$620,181,382 ","$1,316,764,784 "
,,,,
12/18/15,Star Wars Ep. VII: The Force Awakens,"$306,000,000 ","$936,662,225 ","$2,053,311,220 "
,,,,
4/27/18,Avengers: Infinity War,"$300,000,000 ","$678,815,482 ","$2,014,285,135 "
,,,,
5/24/07,Pirates of the Caribbean: At World’s End,"$300,000,000 ","$309,420,425 ","$963,420,425 "
,,,,
11/17/17,Justice League,"$300,000,000 ","$229,024,295 ","$655,953,446 "
,,,,
11/6/15,Spectre,"$300,000,000 ","$200,074,175 ","$879,620,923 "
,,,,
7/20/12,The Dark Knight Rises,"$275,000,000 ","$448,139,099 ","$1,084,439,099 "
,,,,
7/2/13,The Lone Ranger,"$275,000,000 ","$89,302,115 ","$260,002,115 "
,,,,
3/9/12,John Carter,"$275,000,000 ","$73,058,679 ","$282,778,100 "
,,,,
11/24/10,Tangled,"$260,000,000 ","$200,821,936 ","$586,477,240 "
,,,,
5/4/07,Spider-Man 3,"$258,000,000 ","$336,530,303 ","$894,860,230 "
,,,,
5/6/16,Captain America: Civil War,"$250,000,000 ","$408,084,349 ","$1,143,624,262 "
,,,,
3/25/16,Batman v Superman: Dawn of Justice,"$250,000,000 ","$330,360,194 ","$867,916,274 "
,,,,
12/14/12,The Hobbit: An Unexpected Journey,"$250,000,000 ","$303,003,568 ","$1,017,003,568 "
,,,,
7/15/09,Harry Potter and the Half-Blood Prince,"$250,000,000 ","$301,959,197 ","$935,083,686 "
,,,,
12/13/13,The Hobbit: The Desolation of Smaug,"$250,000,000 ","$258,366,855 ","$960,366,855 "
,,,,
12/17/14,The Hobbit: The Battle of the Five Armies,"$250,000,000 ","$255,119,788 ","$945,869,788 "
,,,,
4/14/17,The Fate of the Furious,"$250,000,000 ","$225,764,765 ","$1,234,908,020 "
,,,,
5/25/18,Solo: A Star Wars Story,"$250,000,000 ","$213,767,512 ","$385,329,062 "
,,,,
6/28/06,Superman Returns,"$232,000,000 ","$200,120,000 ","$374,085,065 "
,,,,
5/26/17,Pirates of the Caribbean: Dead Men Tell No Tales,"$230,000,000 ","$172,558,876 ","$788,241,137 "
,,,,
11/14/08,Quantum of Solace,"$230,000,000 ","$169,368,427 ","$591,692,078 "
,,,,
5/4/12,The Avengers,"$225,000,000 ","$623,279,547 ","$1,519,227,577 "
,,,,
7/7/06,Pirates of the Caribbean: Dead Man’s Chest,"$225,000,000 ","$423,315,812 ","$1,066,215,812 "
,,,,
6/14/13,Man of Steel,"$225,000,000 ","$291,045,518 ","$667,999,518 "
,,,,
5/16/08,The Chronicles of Narnia: Prince Caspian,"$225,000,000 ","$141,621,490 ","$417,341,288 "
,,,,
7/3/12,The Amazing Spider-Man,"$220,000,000 ","$262,030,663 ","$757,890,267 "
,,,,
6/21/17,Transformers: The Last Knight,"$217,000,000 ","$130,168,683 ","$602,893,340 "
,,,,
6/12/15,Jurassic World,"$215,000,000 ","$652,270,625 ","$1,648,893,208 "
,,,,
5/25/12,Men in Black 3,"$215,000,000 ","$179,020,854 ","$654,213,485 "
,,,,
6/24/09,Transformers: Revenge of the Fallen,"$210,000,000 ","$402,111,870 ","$836,519,699 "
,,,,
6/27/14,Transformers: Age of Extinction,"$210,000,000 ","$245,439,076 ","$1,104,039,076 "
,,,,
5/26/06,X-Men: The Last Stand,"$210,000,000 ","$234,362,462 ","$459,260,946 "
,,,,
5/14/10,Robin Hood,"$210,000,000 ","$105,487,148 ","$322,459,006 "
,,,,
5/18/12,Battleship,"$209,000,000 ","$65,233,400 ","$305,218,228 "
,,,,
12/14/05,King Kong,"$207,000,000 ","$218,080,025 ","$550,517,357 "
,,,,
12/7/07,The Golden Compass,"$205,000,000 ","$70,107,728 ","$367,262,558 "
,,,,
2/16/18,Black Panther,"$200,000,000 ","$700,059,566 ","$1,347,071,259 "
,,,,
12/19/97,Titanic,"$200,000,000 ","$659,363,944 ","$2,208,208,395 "
,,,,
6/15/18,Incredibles 2,"$200,000,000 ","$607,980,568 ","$1,225,789,137 "
,,,,
12/16/16,Rogue One: A Star Wars Story,"$200,000,000 ","$532,177,324 ","$1,049,175,577 "
,,,,
6/17/16,Finding Dory,"$200,000,000 ","$486,295,561 ","$1,021,350,883 "
,,,,
6/18/10,Toy Story 3,"$200,000,000 ","$415,004,880 ","$1,069,666,004 "
,,,,
5/3/13,Iron Man 3,"$200,000,000 ","$408,992,272 ","$1,215,392,272 "
,,,,
5/5/17,Guardians of the Galaxy Vol 2,"$200,000,000 ","$389,813,101 ","$862,317,259 "
,,,,
6/30/04,Spider-Man 2,"$200,000,000 ","$373,524,485 ","$795,110,670 "
,,,,
3/5/10,Alice in Wonderland,"$200,000,000 ","$334,191,110 ","$1,025,491,110 "
,,,,
11/8/12,Skyfall,"$200,000,000 ","$304,360,277 ","$1,110,526,981 "
,,,,
6/21/13,Monsters University,"$200,000,000 ","$268,488,329 ","$743,588,329 "
,,,,
3/8/13,Oz the Great and Powerful,"$200,000,000 ","$234,770,996 ","$490,359,051 "
,,,,
5/23/14,X-Men: Days of Future Past,"$200,000,000 ","$233,921,534 ","$747,862,775 "
,,,,
5/2/14,The Amazing Spider-Man 2,"$200,000,000 ","$202,853,933 ","$708,996,336 "
,,,,
6/24/11,Cars 2,"$200,000,000 ","$191,450,875 ","$560,155,383 "
,,,,
12/17/10,Tron: Legacy,"$200,000,000 ","$172,062,763 ","$400,062,763 "
,,,,
11/13/09,2012,"$200,000,000 ","$166,112,167 ","$788,408,539 "
,,,,
5/21/09,Terminator Salvation,"$200,000,000 ","$125,322,469 ","$365,491,792 "
,,,,
6/17/11,Green Lantern,"$200,000,000 ","$116,601,172 ","$219,535,492 "
,,,,
5/28/10,Prince of Persia: Sands of Time,"$200,000,000 ","$90,759,676 ","$314,594,597 "
,,,,
6/29/11,Transformers: Dark of the Moon,"$195,000,000 ","$352,390,543 ","$1,123,790,543 "
,,,,
6/9/17,The Mummy,"$195,000,000 ","$80,101,125 ","$409,953,905 "
,,,,
3/1/13,Jack the Giant Slayer,"$195,000,000 ","$65,187,603 ","$197,687,603 "
,,,,
4/3/15,Furious 7,"$190,000,000 ","$353,007,020 ","$1,518,722,794 "
,,,,
5/16/13,Star Trek Into Darkness,"$190,000,000 ","$228,778,661 ","$467,381,584 "
,,,,
6/21/13,World War Z,"$190,000,000 ","$202,359,711 ","$531,514,650 "
,,,,
5/10/13,The Great Gatsby,"$190,000,000 ","$144,840,419 ","$351,040,419 "
,,,,
11/6/09,Disney’s A Christmas Carol,"$190,000,000 ","$137,855,863 ","$315,709,697 "
,,,,
7/12/13,Pacific Rim,"$190,000,000 ","$101,802,906 ","$411,002,906 "
,,,,
11/25/15,The Good Dinosaur,"$187,500,000 ","$123,087,120 ","$333,771,037 "
,,,,
5/2/08,Iron Man,"$186,000,000 ","$318,604,126 ","$585,171,547 "
,,,,
7/18/08,The Dark Knight,"$185,000,000 ","$533,345,358 ","$1,001,620,618 "
,,,,
5/22/08,Indiana Jones and the Kingdom of the Crystal Skull,"$185,000,000 ","$317,101,119 ","$786,635,413 "
,,,,
6/22/12,Brave,"$185,000,000 ","$237,282,182 ","$554,606,532 "
,,,,
3/10/17,Kong: Skull Island,"$185,000,000 ","$168,052,812 ","$561,089,941 "
,,,,
7/22/16,Star Trek Beyond,"$185,000,000 ","$158,848,340 ","$335,828,400 "
,,,,
10/6/17,Blade Runner 2049,"$185,000,000 ","$92,054,159 ","$259,344,059 "
,,,,
11/3/17,Thor: Ragnarok,"$180,000,000 ","$315,058,289 ","$847,830,503 "
,,,,
12/9/05,"The Chronicles of Narnia: The Lion, the Witch and the Wardrobe","$180,000,000 ","$291,710,957 ","$720,539,572 "
,,,,
5/30/14,Maleficent,"$180,000,000 ","$241,407,328 ","$758,536,735 "
,,,,
11/18/16,Fantastic Beasts and Where to Find Them,"$180,000,000 ","$234,037,575 ","$802,442,198 "
,,,,
6/27/08,WALL-E,"$180,000,000 ","$223,808,164 ","$532,508,025 "
,,,,
8/10/07,Rush Hour 3,"$180,000,000 ","$140,125,968 ","$256,585,882 "
,,,,
7/1/16,The Legend of Tarzan,"$180,000,000 ","$126,643,061 ","$349,133,078 "
,,,,
11/23/11,Hugo,"$180,000,000 ","$73,864,507 ","$180,047,784 "
,,,,
7/21/17,Valerian and the City of a Thousand Planets,"$180,000,000 ","$40,479,370 ","$215,098,499 "
,,,,
2/6/15,Jupiter Ascending,"$179,000,000 ","$47,482,519 ","$181,982,519 "
,,,,
7/27/18,Mission: Impossible—Fallout,"$178,000,000 ","$220,159,104 ","$787,978,070 "
,,,,
5/27/16,X-Men: Apocalypse,"$178,000,000 ","$155,442,489 ","$542,708,779 "
,,,,
6/6/14,Edge of Tomorrow,"$178,000,000 ","$100,206,256 ","$370,541,256 "
,,,,
4/15/16,The Jungle Book,"$175,000,000 ","$364,001,123 ","$963,819,542 "
,,,,
6/19/15,Inside Out,"$175,000,000 ","$356,461,711 ","$856,712,469 "
,,,,
7/7/17,Spider-Man: Homecoming,"$175,000,000 ","$334,201,140 ","$880,070,886 "
,,,,
8/5/16,Suicide Squad,"$175,000,000 ","$325,100,054 ","$746,100,054 "
,,,,
5/29/09,Up,"$175,000,000 ","$293,004,164 ","$731,463,377 "
,,,,
11/22/17,Coco,"$175,000,000 ","$209,726,015 ","$799,464,741 "
,,,,
3/27/09,Monsters vs. Aliens,"$175,000,000 ","$198,351,526 ","$381,687,380 "
,,,,
6/16/17,Cars 3,"$175,000,000 ","$152,901,115 ","$383,549,151 "
,,,,
8/7/09,G.I. Joe: The Rise of Cobra,"$175,000,000 ","$150,201,498 ","$302,469,017 "
,,,,
6/30/99,Wild Wild West,"$175,000,000 ","$113,805,681 ","$221,229,335 "
,,,,
8/1/08,The Mummy: Tomb of the Dragon Emperor,"$175,000,000 ","$102,491,776 ","$405,760,225 "
,,,,
6/22/07,Evan Almighty,"$175,000,000 ","$100,289,690 ","$174,131,329 "
,,,,
7/28/95,Waterworld,"$175,000,000 ","$88,246,220 ","$264,246,220 "
,,,,
5/12/17,King Arthur: Legend of the Sword,"$175,000,000 ","$39,175,066 ","$139,950,708 "
,,,,
12/25/13,47 Ronin,"$175,000,000 ","$38,362,475 ","$151,716,815 "
,,,,
12/31/20,Singularity,"$175,000,000 ",$0 ,$0 
,,,,
6/22/18,Jurassic World: Fallen Kingdom,"$170,000,000 ","$416,769,345 ","$1,304,866,322 "
,,,,
8/1/14,Guardians of the Galaxy,"$170,000,000 ","$333,172,112 ","$771,051,335 "
,,,,
5/7/10,Iron Man 2,"$170,000,000 ","$312,433,331 ","$621,156,389 "
,,,,
4/4/14,Captain America: The Winter Soldier,"$170,000,000 ","$259,746,958 ","$714,401,889 "
,,,,
7/11/14,Dawn of the Planet of the Apes,"$170,000,000 ","$208,545,589 ","$710,644,566 "
,,,,
11/10/04,The Polar Express,"$170,000,000 ","$186,493,587 ","$310,634,169 "
,,,,
6/1/12,Snow White and the Huntsman,"$170,000,000 ","$155,136,755 ","$401,021,746 "
,,,,
7/1/03,Terminator 3: Rise of the Machines,"$170,000,000 ","$150,358,296 ","$433,058,296 "
,,,,
5/7/04,Van Helsing,"$170,000,000 ","$120,150,546 ","$300,150,546 "
,,,,
5/22/15,Tomorrowland,"$170,000,000 ","$93,436,322 ","$207,283,457 "
,,,,
5/27/16,Alice Through the Looking Glass,"$170,000,000 ","$77,042,381 ","$276,934,087 "
,,,,
5/21/10,Shrek Forever After,"$165,000,000 ","$238,736,787 ","$756,244,673 "
,,,,
11/4/16,Doctor Strange,"$165,000,000 ","$232,641,920 ","$676,486,457 "
,,,,
11/7/14,Big Hero 6,"$165,000,000 ","$222,527,828 ","$652,127,828 "
,,,,
3/26/10,How to Train Your Dragon,"$165,000,000 ","$217,581,232 ","$494,870,992 "
,,,,
11/2/12,Wreck-It Ralph,"$165,000,000 ","$189,412,677 ","$496,511,521 "
,,,,
11/5/14,Interstellar,"$165,000,000 ","$188,017,894 ","$667,752,422 "
,,,,
6/24/16,Independence Day: Resurgence,"$165,000,000 ","$103,144,286 ","$384,404,973 "
,,,,
7/29/11,Cowboys and Aliens,"$163,000,000 ","$100,368,560 ","$176,038,324 "
,,,,
3/17/17,Beauty and the Beast,"$160,000,000 ","$504,014,165 ","$1,259,199,706 "
,,,,
5/17/07,Shrek the Third,"$160,000,000 ","$322,719,944 ","$807,330,936 "
,,,,
7/16/10,Inception,"$160,000,000 ","$292,576,195 ","$832,402,082 "
,,,,
11/20/15,The Hunger Games: Mockingjay - Part 2,"$160,000,000 ","$281,723,902 ","$648,986,787 "
,,,,
5/24/13,Fast and Furious 6,"$160,000,000 ","$238,679,850 ","$789,300,444 "
,,,,
5/16/14,Godzilla,"$160,000,000 ","$200,676,069 ","$529,076,069 "
,,,,
6/3/11,X-Men: First Class,"$160,000,000 ","$146,408,305 ","$355,408,305 "
,,,,
12/25/08,The Curious Case of Benjamin Button,"$160,000,000 ","$127,509,326 ","$329,631,958 "
,,,,
7/14/10,The Sorcerer's Apprentice,"$160,000,000 ","$63,150,991 ","$217,986,320 "
,,,,
5/12/06,Poseidon,"$160,000,000 ","$60,674,817 ","$181,674,817 "
,,,,
6/10/16,Warcraft,"$160,000,000 ","$47,225,655 ","$425,547,111 "
,,,,
12/21/18,Aquaman,"$160,000,000 ",$0 ,$0 
,,,,
9/30/16,Deepwater Horizon,"$156,000,000 ","$61,433,527 ","$122,631,306 "
,,,,
12/10/10,The Chronicles of Narnia: The Voyage of the Dawn Treader,"$155,000,000 ","$104,386,950 ","$418,186,950 "
,,,,
7/1/15,Terminator: Genisys,"$155,000,000 ","$89,760,956 ","$432,150,894 "
,,,,
3/23/18,Pacific Rim: Uprising,"$155,000,000 ","$59,185,715 ","$290,241,338 "
,,,,
11/24/04,Alexander,"$155,000,000 ","$34,297,191 ","$167,297,191 "
,,,,
7/14/17,War for the Planet of the Apes,"$152,000,000 ","$146,880,162 ","$489,592,267 "
,,,,
5/25/01,Pearl Harbor,"$151,500,000 ","$198,539,855 ","$449,239,855 "
,,,,
7/2/07,Transformers,"$151,000,000 ","$319,246,193 ","$708,272,592 "
,,,,
6/2/17,Wonder Woman,"$150,000,000 ","$412,563,408 ","$821,133,378 "
,,,,
11/22/13,Frozen,"$150,000,000 ","$400,738,009 ","$1,272,469,910 "
,,,,
3/4/16,Zootopia,"$150,000,000 ","$341,268,248 ","$1,019,706,594 "
,,,,
7/11/07,Harry Potter and the Order of the Phoenix,"$150,000,000 ","$292,004,738 ","$942,943,935 "
,,,,
11/18/05,Harry Potter and the Goblet of Fire,"$150,000,000 ","$290,013,036 ","$896,911,078 "
,,,,
5/15/03,The Matrix Reloaded,"$150,000,000 ","$281,553,689 ","$738,576,929 "
,,,,
12/14/07,I am Legend,"$150,000,000 ","$256,393,010 ","$585,532,684 "
,,,,
11/23/16,Moana,"$150,000,000 ","$248,757,044 ","$637,519,488 "
,,,,
7/1/08,Hancock,"$150,000,000 ","$227,946,274 ","$624,234,272 "
,,,,
7/15/05,Charlie and the Chocolate Factory,"$150,000,000 ","$206,459,076 ","$475,825,484 "
,,,,
6/29/07,Ratatouille,"$150,000,000 ","$206,445,654 ","$626,549,695 "
,,,,
11/8/13,Thor: The Dark World,"$150,000,000 ","$206,362,140 ","$644,602,516 "
,,,,
6/15/05,Batman Begins,"$150,000,000 ","$205,343,774 ","$359,142,722 "
,,,,
7/31/15,Mission: Impossible—Rogue Nation,"$150,000,000 ","$195,042,377 ","$689,388,363 "
,,,,
7/21/17,Dunkirk,"$150,000,000 ","$190,068,280 ","$499,900,860 "
,,,,
5/6/11,Thor,"$150,000,000 ","$181,030,624 ","$449,326,618 "
,,,,
11/7/08,Madagascar: Escape 2 Africa,"$150,000,000 ","$180,174,880 ","$599,680,774 "
,,,,
5/1/09,X-Men Origins: Wolverine,"$150,000,000 ","$179,883,157 ","$374,825,760 "
,,,,
5/22/09,Night at the Museum: Battle of the Smithsonian,"$150,000,000 ","$177,243,721 ","$402,231,063 "
,,,,
5/26/11,Kung Fu Panda 2,"$150,000,000 ","$165,249,063 ","$664,837,547 "
,,,,
5/15/15,Mad Max: Fury Road,"$150,000,000 ","$153,636,354 ","$370,651,733 "
,,,,
8/10/18,The Meg,"$150,000,000 ","$143,005,856 ","$527,350,140 "
,,,,
11/5/03,The Matrix Revolutions,"$150,000,000 ","$139,270,910 ","$427,300,260 "
,,,,
3/29/18,Ready Player One,"$150,000,000 ","$137,018,455 ","$578,621,729 "
,,,,
5/5/06,Mission: Impossible III,"$150,000,000 ","$133,501,348 ","$397,501,348 "
,,,,
5/15/09,Angels & Demons,"$150,000,000 ","$133,375,846 ","$490,875,846 "
,,,,
5/14/04,Troy,"$150,000,000 ","$133,298,577 ","$484,161,265 "
,,,,
7/1/10,The Last Airbender,"$150,000,000 ","$131,772,187 ","$319,713,881 "
,,,,
11/2/07,Bee Movie,"$150,000,000 ","$126,631,277 ","$287,594,577 "
,,,,
7/24/09,G-Force,"$150,000,000 ","$119,436,770 ","$292,817,841 "
,,,,
11/21/08,Bolt,"$150,000,000 ","$114,053,579 ","$328,015,029 "
,,,,
3/30/12,Wrath of the Titans,"$150,000,000 ","$83,670,083 ","$305,270,083 "
,,,,
11/16/07,Beowulf,"$150,000,000 ","$82,280,579 ","$195,080,579 "
,,,,
5/11/12,Dark Shadows,"$150,000,000 ","$79,727,149 ","$238,202,668 "
,,,,
6/28/13,White House Down,"$150,000,000 ","$73,103,784 ","$205,440,387 "
,,,,
2/12/10,The Wolfman,"$150,000,000 ","$62,189,884 ","$142,634,358 "
,,,,
2/17/17,The Great Wall,"$150,000,000 ","$45,157,105 ","$334,550,106 "
,,,,
10/9/15,Pan,"$150,000,000 ","$35,088,320 ","$151,543,635 "
,,,,
3/11/11,Mars Needs Moms,"$150,000,000 ","$21,392,758 ","$39,549,758 "
,,,,
11/3/06,Flushed Away,"$149,000,000 ","$64,665,672 ","$179,357,126 "
,,,,
6/8/12,Madagascar 3: Europe's Most Wanted,"$145,000,000 ","$216,391,482 ","$746,921,271 "
,,,,
12/16/11,Mission: Impossible—Ghost Protocol,"$145,000,000 ","$209,397,903 ","$694,713,230 "
,,,,
6/13/14,How to Train Your Dragon 2,"$145,000,000 ","$177,002,924 ","$614,586,270 "
,,,,
6/16/99,Tarzan,"$145,000,000 ","$171,091,819 ","$448,191,819 "
,,,,
3/7/14,Mr. Peabody & Sherman,"$145,000,000 ","$111,506,430 ","$269,806,430 "
,,,,
11/21/12,Rise of the Guardians,"$145,000,000 ","$103,412,758 ","$306,900,902 "
,,,,
4/8/05,Sahara,"$145,000,000 ","$68,671,925 ","$121,671,925 "
,,,,
7/15/16,Ghostbusters,"$144,000,000 ","$128,350,574 ","$229,034,050 "
,,,,
11/22/02,Die Another Day,"$142,000,000 ","$160,942,139 ","$431,942,139 "
,,,,
7/9/03,Pirates of the Caribbean: The Curse of the Black Pearl,"$140,000,000 ","$305,411,224 ","$634,954,103 "
,,,,
5/8/09,Star Trek,"$140,000,000 ","$257,730,019 ","$385,680,446 "
,,,,
7/1/98,Armageddon,"$140,000,000 ","$201,578,182 ","$554,600,000 "
,,,,
7/3/02,Men in Black 2,"$140,000,000 ","$190,418,803 ","$441,767,803 "
,,,,
7/22/11,Captain America: The First Avenger,"$140,000,000 ","$176,654,505 ","$370,569,776 "
,,,,
1/29/16,Kung Fu Panda 3,"$140,000,000 ","$143,528,619 ","$518,418,751 "
,,,,
7/10/98,Lethal Weapon 4,"$140,000,000 ","$130,444,603 ","$285,400,000 "
,,,,
3/27/13,G.I. Joe: Retaliation,"$140,000,000 ","$122,523,060 ","$375,740,705 "
,,,,
12/5/03,The Last Samurai,"$140,000,000 ","$111,110,575 ","$456,810,575 "
,,,,
12/21/05,Fun With Dick And Jane,"$140,000,000 ","$110,550,000 ","$203,018,919 "
,,,,
12/12/14,Exodus: Gods and Kings,"$140,000,000 ","$65,014,513 ","$268,314,513 "
,,,,
7/1/16,The BFG,"$140,000,000 ","$55,483,770 ","$199,673,597 "
,,,,
2/26/16,Gods of Egypt,"$140,000,000 ","$31,153,464 ","$138,587,563 "
,,,,
5/3/02,Spider-Man,"$139,000,000 ","$403,706,375 ","$821,706,375 "
,,,,
3/6/09,Watchmen,"$138,000,000 ","$107,509,799 ","$186,976,250 "
,,,,
7/29/05,Stealth,"$138,000,000 ","$32,116,746 ","$76,416,746 "
,,,,
6/13/08,The Incredible Hulk,"$137,500,000 ","$134,806,913 ","$265,573,859 "
,,,,
6/20/03,Hulk,"$137,000,000 ","$132,177,234 ","$245,075,434 "
,,,,
7/11/01,Final Fantasy: The Spirits Within,"$137,000,000 ","$32,131,830 ","$85,131,830 "
,,,,
11/16/12,"The Twilight Saga: Breaking Dawn, Part 2","$136,200,000 ","$292,324,737 ","$829,724,737 "
,,,,
3/22/13,The Croods,"$135,000,000 ","$187,168,425 ","$573,068,425 "
,,,,
12/25/15,The Revenant,"$135,000,000 ","$183,637,894 ","$532,950,503 "
,,,,
11/19/99,The World is Not Enough,"$135,000,000 ","$126,930,660 ","$361,730,660 "
,,,,
3/4/11,Rango,"$135,000,000 ","$123,477,607 ","$245,724,600 "
,,,,
11/14/03,Master and Commander: The Far Side of the World,"$135,000,000 ","$93,926,386 ","$212,912,137 "
,,,,
7/17/13,Turbo,"$135,000,000 ","$83,028,130 ","$286,896,578 "
,,,,
6/3/16,Teenage Mutant Ninja Turtles: Out of the Shadows,"$135,000,000 ","$82,051,601 ","$245,623,848 "
,,,,
11/18/11,Happy Feet Two,"$135,000,000 ","$64,006,466 ","$157,956,466 "
,,,,
7/28/06,Miami Vice,"$135,000,000 ","$63,478,838 ","$163,818,556 "
,,,,
11/2/18,The Nutcracker and the Four Realms,"$132,900,000 ","$6,000,000 ","$6,000,000 "
,,,,
6/29/05,War of the Worlds,"$132,000,000 ","$234,280,354 ","$606,836,535 "
,,,,
11/26/14,Penguins of Madagascar,"$132,000,000 ","$83,350,911 ","$367,650,911 "
,,,,
11/22/13,The Hunger Games: Catching Fire,"$130,000,000 ","$424,668,047 ","$864,868,047 "
,,,,
6/4/04,Harry Potter and the Prisoner of Azkaban,"$130,000,000 ","$249,538,952 ","$796,688,549 "
,,,,
8/3/07,The Bourne Ultimatum,"$130,000,000 ","$227,471,070 ","$444,043,396 "
,,,,
7/6/18,Ant-Man and the Wasp,"$130,000,000 ","$216,648,740 ","$617,260,330 "
,,,,
6/6/08,Kung Fu Panda,"$130,000,000 ","$215,434,591 ","$631,910,531 "
,,,,
7/17/15,Ant-Man,"$130,000,000 ","$180,202,163 ","$518,860,086 "
,,,,
3/27/15,Home,"$130,000,000 ","$177,397,510 ","$385,997,896 "
,,,,
10/28/11,Puss in Boots,"$130,000,000 ","$149,260,504 ","$554,987,477 "
,,,,
11/5/10,Megamind,"$130,000,000 ","$148,415,853 ","$321,887,208 "
,,,,
7/18/03,Bad Boys II,"$130,000,000 ","$138,540,870 ","$273,271,982 "
,,,,
4/11/14,Rio 2,"$130,000,000 ","$131,538,435 ","$492,846,291 "
,,,,
7/23/10,Salt,"$130,000,000 ","$118,311,368 ","$290,650,494 "
,,,,
3/28/14,Noah,"$130,000,000 ","$101,200,044 ","$352,831,065 "
,,,,
12/21/11,The Adventures of Tintin,"$130,000,000 ","$77,591,831 ","$373,993,951 "
,,,,
5/31/13,After Earth,"$130,000,000 ","$60,522,097 ","$251,499,665 "
,,,,
11/26/08,Australia,"$130,000,000 ","$49,554,002 ","$215,080,810 "
,,,,
7/19/13,R.I.P.D.,"$130,000,000 ","$33,618,855 ","$79,076,678 "
,,,,
11/18/11,"The Twilight Saga: Breaking Dawn, Part 1","$127,500,000 ","$281,287,133 ","$689,420,051 "
,,,,
5/19/00,Dinosaur,"$127,500,000 ","$137,748,063 ","$356,148,063 "
,,,,
3/3/17,Logan,"$127,000,000 ","$226,277,068 ","$615,476,965 "
,,,,
12/19/14,Night at the Museum: Secret of the Tomb,"$127,000,000 ","$113,746,621 ","$353,756,621 "
,,,,
7/15/11,Harry Potter and the Deathly Hallows: Part II,"$125,000,000 ","$381,011,219 ","$1,341,511,219 "
,,,,
11/21/14,The Hunger Games: Mockingjay - Part 1,"$125,000,000 ","$337,135,885 ","$766,652,288 "
,,,,
11/16/01,Harry Potter and the Sorcerer’s Stone,"$125,000,000 ","$317,575,550 ","$974,755,371 "
,,,,
11/19/10,Harry Potter and the Deathly Hallows: Part I,"$125,000,000 ","$295,983,305 ","$960,283,305 "
,,,,
5/19/06,The Da Vinci Code,"$125,000,000 ","$217,536,138 ","$767,820,459 "
,,,,
5/2/03,X-Men 2,"$125,000,000 ","$214,949,694 ","$406,875,536 "
,,,,
4/29/11,Fast Five,"$125,000,000 ","$210,031,325 ","$630,163,454 "
,,,,
8/8/14,Teenage Mutant Ninja Turtles,"$125,000,000 ","$191,204,754 ","$485,004,754 "
,,,,
12/16/11,Sherlock Holmes: A Game of Shadows,"$125,000,000 ","$186,848,418 ","$535,663,443 "
,,,,
5/28/04,The Day After Tomorrow,"$125,000,000 ","$186,740,799 ","$556,319,450 "
,,,,
3/31/17,The Boss Baby,"$125,000,000 ","$175,003,033 ","$510,888,357 "
,,,,
4/1/10,Clash of the Titans,"$125,000,000 ","$163,214,888 ","$493,214,888 "
,,,,
11/4/16,Trolls,"$125,000,000 ","$153,707,064 ","$344,527,425 "
,,,,
5/19/98,Godzilla,"$125,000,000 ","$136,314,294 ","$376,000,000 "
,,,,
6/8/12,Prometheus,"$125,000,000 ","$126,477,084 ","$402,448,265 "
,,,,
8/10/12,The Bourne Legacy,"$125,000,000 ","$113,203,870 ","$280,355,920 "
,,,,
6/20/97,Batman & Robin,"$125,000,000 ","$107,325,195 ","$238,317,814 "
,,,,
7/13/18,Skyscraper,"$125,000,000 ","$67,796,355 ","$304,097,355 "
,,,,
8/3/12,Total Recall,"$125,000,000 ","$58,877,969 ","$211,856,088 "
,,,,
12/21/16,Assassin’s Creed,"$125,000,000 ","$54,647,948 ","$240,786,768 "
,,,,
1/13/17,Monster Trucks,"$125,000,000 ","$33,370,166 ","$61,642,798 "
,,,,
8/27/99,The 13th Warrior,"$125,000,000 ","$32,698,899 ","$61,698,899 "
,,,,
11/17/00,How the Grinch Stole Christmas,"$123,000,000 ","$260,044,825 ","$345,141,403 "
,,,,
5/24/00,Mission: Impossible 2,"$120,000,000 ","$215,409,889 ","$549,588,516 "
,,,,
6/30/00,The Perfect Storm,"$120,000,000 ","$182,618,434 ","$328,711,434 "
,,,,
7/29/16,Jason Bourne,"$120,000,000 ","$162,192,920 ","$416,197,059 "
,,,,
6/15/07,Fantastic Four: Rise of the Silver Surfer,"$120,000,000 ","$131,921,738 ","$289,480,691 "
,,,,
11/21/12,Life of Pi,"$120,000,000 ","$124,987,022 ","$607,258,634 "
,,,,
2/16/07,Ghost Rider,"$120,000,000 ","$115,802,596 ","$229,545,589 "
,,,,
6/27/03,Charlie's Angels: Full Throttle,"$120,000,000 ","$100,814,328 ","$227,200,000 "
,,,,
4/13/18,Rampage,"$120,000,000 ","$99,345,950 ","$424,745,950 "
,,,,
8/9/13,Elysium,"$120,000,000 ","$93,050,117 ","$286,192,091 "
,,,,
4/19/13,Oblivion,"$120,000,000 ","$89,107,235 ","$287,916,633 "
,,,,
3/24/17,Power Rangers,"$120,000,000 ","$85,364,450 ","$142,534,143 "
,,,,
7/19/02,Stuart Little 2,"$120,000,000 ","$64,956,806 ","$166,000,000 "
,,,,
2/12/14,RoboCop,"$120,000,000 ","$58,607,007 ","$242,981,799 "
,,,,
6/11/04,The Chronicles of Riddick,"$120,000,000 ","$57,712,751 ","$107,212,751 "
,,,,
8/7/15,Fantastic Four,"$120,000,000 ","$56,117,548 ","$167,977,596 "
,,,,
5/9/08,Speed Racer,"$120,000,000 ","$43,945,766 ","$93,394,462 "
,,,,
7/22/05,The Island,"$120,000,000 ","$35,818,913 ","$163,018,913 "
,,,,
12/17/10,How Do You Know?,"$120,000,000 ","$30,212,620 ","$49,628,177 "
,,,,
6/23/10,Knight and Day,"$117,000,000 ","$76,423,035 ","$258,751,370 "
,,,,
5/19/99,Star Wars Ep. I: The Phantom Menace,"$115,000,000 ","$474,544,677 ","$1,027,044,677 "
,,,,
5/19/05,Star Wars Ep. III: Revenge of the Sith,"$115,000,000 ","$380,270,577 ","$848,998,877 "
,,,,
5/16/02,Star Wars Ep. II: Attack of the Clones,"$115,000,000 ","$310,676,740 ","$656,695,615 "
,,,,
11/2/01,"Monsters, Inc.","$115,000,000 ","$289,423,425 ","$559,757,719 "
,,,,
7/26/13,The Wolverine,"$115,000,000 ","$132,556,852 ","$416,456,852 "
,,,,
2/7/97,Dante's Peak,"$115,000,000 ","$67,163,857 ","$178,200,000 "
,,,,
4/22/16,The Huntsman: Winter’s War,"$115,000,000 ","$48,003,015 ","$165,149,302 "
,,,,
6/14/02,Windtalkers,"$115,000,000 ","$40,914,068 ","$77,628,265 "
,,,,
7/4/08,Astérix aux Jeux Olympiques,"$113,500,000 ","$999,811 ","$132,999,811 "
,,,,
12/25/10,Gulliver's Travels,"$112,000,000 ","$42,779,261 ","$232,017,848 "
,,,,
12/15/17,Ferdinand,"$111,000,000 ","$84,410,380 ","$289,867,087 "
,,,,
5/18/18,Deadpool 2,"$110,000,000 ","$318,491,426 ","$733,809,601 "
,,,,
10/4/13,Gravity,"$110,000,000 ","$274,092,705 ","$693,698,673 "
,,,,
12/22/06,Night at the Museum,"$110,000,000 ","$250,863,268 ","$579,446,407 "
,,,,
6/10/05,Mr. and Mrs. Smith,"$110,000,000 ","$186,336,279 ","$486,124,090 "
,,,,
5/29/15,San Andreas,"$110,000,000 ","$155,190,832 ","$457,199,280 "
,,,,
7/29/11,The Smurfs,"$110,000,000 ","$142,614,158 ","$563,749,323 "
,,,,
6/27/07,Live Free or Die Hard,"$110,000,000 ","$134,529,403 ","$382,288,147 "
,,,,
3/20/15,The Divergent Series: Insurgent,"$110,000,000 ","$130,179,072 ","$295,075,882 "
,,,,
12/10/04,Ocean's Twelve,"$110,000,000 ","$125,531,634 ","$362,989,076 "
,,,,
12/19/97,Tomorrow Never Dies,"$110,000,000 ","$125,304,276 ","$339,504,276 "
,,,,
6/28/00,The Patriot,"$110,000,000 ","$113,330,342 ","$215,300,000 "
,,,,
3/7/14,300: Rise of an Empire,"$110,000,000 ","$106,580,051 ","$330,780,051 "
,,,,
12/17/04,The Aviator,"$110,000,000 ","$102,608,827 ","$208,370,892 "
,,,,
12/21/16,Passengers,"$110,000,000 ","$100,014,699 ","$302,239,672 "
,,,,
1/14/11,The Green Hornet,"$110,000,000 ","$98,780,042 ","$229,155,503 "
,,,,
9/30/16,Miss Peregrine’s Home for Peculiar Children,"$110,000,000 ","$87,242,834 ","$296,642,834 "
,,,,
10/7/11,Real Steel,"$110,000,000 ","$85,463,309 ","$263,880,341 "
,,,,
6/11/10,The A-Team,"$110,000,000 ","$77,222,099 ","$177,241,171 "
,,,,
7/31/13,The Smurfs 2,"$110,000,000 ","$71,017,784 ","$348,547,523 "
,,,,
3/18/16,The Divergent Series: Allegiant,"$110,000,000 ","$66,184,051 ","$171,871,661 "
,,,,
6/12/09,The Taking of Pelham 123,"$110,000,000 ","$65,452,312 ","$152,364,370 "
,,,,
11/1/13,Ender's Game,"$110,000,000 ","$61,737,191 ","$127,983,283 "
,,,,
4/2/04,Home on the Range,"$110,000,000 ","$50,026,353 ","$76,482,461 "
,,,,
6/13/97,Speed 2: Cruise Control,"$110,000,000 ","$48,097,081 ","$150,468,000 "
,,,,
5/6/05,Kingdom of Heaven,"$110,000,000 ","$47,398,413 ","$218,853,353 "
,,,,
3/31/17,Ghost in the Shell,"$110,000,000 ","$40,563,557 ","$167,918,847 "
,,,,
6/16/04,Around the World in 80 Days,"$110,000,000 ","$24,004,159 ","$72,004,159 "
,,,,
12/19/01,The Lord of the Rings: The Fellowship of the Ring,"$109,000,000 ","$315,544,750 ","$887,210,985 "
,,,,
11/21/03,The Cat in the Hat,"$109,000,000 ","$101,018,283 ","$133,818,283 "
,,,,
12/25/01,Ali,"$109,000,000 ","$58,183,966 ","$87,683,966 "
,,,,
10/2/15,The Martian,"$108,000,000 ","$228,433,663 ","$656,385,923 "
,,,,
11/23/16,Allied,"$106,000,000 ","$40,098,064 ","$119,280,834 "
,,,,
7/16/04,"I, Robot","$105,000,000 ","$144,801,023 ","$348,629,585 "
,,,,
12/17/99,Stuart Little,"$105,000,000 ","$140,015,224 ","$298,815,224 "
,,,,
11/25/09,The Princess and the Frog,"$105,000,000 ","$104,400,899 ","$270,997,378 "
,,,,
3/7/08,"10,000 B.C.","$105,000,000 ","$94,784,201 ","$269,065,678 "
,,,,
7/22/16,Ice Age: Collision Course,"$105,000,000 ","$64,063,008 ","$402,540,223 "
,,,,
4/27/01,Town & Country,"$105,000,000 ","$6,712,451 ","$10,364,769 "
,,,,
9/22/17,Kingsman: The Golden Circle,"$104,000,000 ","$100,234,838 ","$408,822,328 "
,,,,
6/9/00,Gone in 60 Seconds,"$103,300,000 ","$101,643,008 ","$232,643,008 "
,,,,
5/5/00,Gladiator,"$103,000,000 ","$187,683,805 ","$457,683,805 "
,,,,
5/23/13,The Hangover 3,"$103,000,000 ","$112,200,072 ","$362,000,072 "
,,,,
3/9/18,A Wrinkle in Time,"$103,000,000 ","$100,478,608 ","$133,401,882 "
,,,,
7/1/09,Public Enemies,"$102,500,000 ","$97,104,620 ","$212,282,709 "
,,,,
11/17/06,Casino Royale,"$102,000,000 ","$167,365,000 ","$594,420,283 "
,,,,
6/21/02,Minority Report,"$102,000,000 ","$132,024,714 ","$358,824,714 "
,,,,
10/26/12,Cloud Atlas,"$102,000,000 ","$27,108,272 ","$130,673,154 "
,,,,
11/15/02,Harry Potter and the Chamber of Secrets,"$100,000,000 ","$261,987,880 ","$878,979,634 "
,,,,
7/2/91,Terminator 2: Judgment Day,"$100,000,000 ","$203,464,105 ","$515,419,827 "
,,,,
10/5/18,Venom,"$100,000,000 ","$192,788,348 ","$514,330,356 "
,,,,
6/16/95,Batman Forever,"$100,000,000 ","$184,031,112 ","$336,529,144 "
,,,,
7/27/01,Planet of the Apes,"$100,000,000 ","$180,011,740 ","$362,211,740 "
,,,,
11/19/04,National Treasure,"$100,000,000 ","$173,005,002 ","$331,323,410 "
,,,,
12/25/12,Django Unchained,"$100,000,000 ","$162,805,434 ","$449,948,323 "
,,,,
12/22/10,Little Fockers,"$100,000,000 ","$148,438,600 ","$310,650,574 "
,,,,
7/15/94,True Lies,"$100,000,000 ","$146,282,411 ","$365,300,000 "
,,,,
11/2/07,American Gangster,"$100,000,000 ","$130,164,645 ","$267,985,456 "
,,,,
9/18/09,Cloudy with a Chance of Meatballs,"$100,000,000 ","$124,870,275 ","$236,827,677 "
,,,,
8/6/10,The Other Guys,"$100,000,000 ","$119,219,978 ","$170,936,470 "
,,,,
12/17/04,Lemony Snicket's A Series of Unfortunate Events,"$100,000,000 ","$118,627,117 ","$212,956,024 "
,,,,
12/25/13,The Wolf of Wall Street,"$100,000,000 ","$116,900,694 ","$389,870,414 "
,,,,
5/24/13,Epic,"$100,000,000 ","$107,518,682 ","$262,794,441 "
,,,,
6/21/96,Eraser,"$100,000,000 ","$101,295,562 ","$234,400,000 "
,,,,
6/21/96,The Hunchback of Notre Dame,"$100,000,000 ","$100,138,851 ","$325,500,000 "
,,,,
12/15/00,The Emperor's New Groove,"$100,000,000 ","$89,296,573 ","$169,296,573 "
,,,,
8/17/12,The Expendables 2,"$100,000,000 ","$85,028,192 ","$311,979,256 "
,,,,
10/16/09,Where the Wild Things Are,"$100,000,000 ","$77,233,467 ","$99,123,656 "
,,,,
12/15/06,Eragon,"$100,000,000 ","$75,030,163 ","$249,488,115 "
,,,,
7/25/14,Hercules,"$100,000,000 ","$72,688,614 ","$243,388,614 "
,,,,
12/10/10,The Tourist,"$100,000,000 ","$67,631,157 ","$278,731,369 "
,,,,
11/24/99,End of Days,"$100,000,000 ","$66,889,043 ","$212,026,975 "
,,,,
6/11/04,The Stepford Wives,"$100,000,000 ","$59,475,623 ","$96,221,971 "
,,,,
6/8/07,Surf's Up,"$100,000,000 ","$58,867,694 ","$145,395,745 "
,,,,
12/8/06,Blood Diamond,"$100,000,000 ","$57,377,916 ","$171,377,916 "
,,,,
9/24/10,Legend of the Guardians: The Owls of Ga'Hoole,"$100,000,000 ","$55,675,313 ","$139,716,717 "
,,,,
11/7/97,Starship Troopers,"$100,000,000 ","$54,768,952 ","$121,100,000 "
,,,,
6/5/09,Land of the Lost,"$100,000,000 ","$49,438,370 ","$69,548,641 "
,,,,
12/25/03,Peter Pan,"$100,000,000 ","$48,417,850 ","$95,255,485 "
,,,,
7/23/04,Catwoman,"$100,000,000 ","$40,202,379 ","$82,145,379 "
,,,,
8/15/14,The Expendables 3,"$100,000,000 ","$39,322,544 ","$209,461,378 "
,,,,
11/27/02,Treasure Planet,"$100,000,000 ","$38,120,554 ","$91,800,000 "
,,,,
3/12/10,Green Zone,"$100,000,000 ","$35,497,337 ","$97,523,020 "
,,,,
10/20/17,Geostorm,"$100,000,000 ","$33,700,160 ","$220,800,160 "
,,,,
12/25/15,Point Break,"$100,000,000 ","$28,782,481 ","$126,702,848 "
,,,,
12/11/15,In the Heart of the Sea,"$100,000,000 ","$25,020,758 ","$89,693,309 "
,,,,
4/18/14,Transcendence,"$100,000,000 ","$23,022,309 ","$103,039,258 "
,,,,
2/18/05,Son of the Mask,"$100,000,000 ","$17,018,422 ","$59,918,422 "
,,,,
8/16/02,The Adventures of Pluto Nash,"$100,000,000 ","$4,411,102 ","$7,094,995 "
,,,,
1/20/12,Jin líng shí san chai,"$100,000,000 ","$311,434 ","$98,227,017 "
,,,,
3/15/19,Wonder Park,"$100,000,000 ",$0 ,$0 
,,,,
11/6/15,The Peanuts Movie,"$99,000,000 ","$130,178,411 ","$250,091,610 "
,,,,
5/4/01,The Mummy Returns,"$98,000,000 ","$202,007,640 ","$435,040,395 "
,,,,
12/20/02,Gangs of New York,"$97,000,000 ","$77,730,500 ","$183,124,621 "
,,,,
5/19/17,Alien: Covenant,"$97,000,000 ","$74,262,031 ","$238,521,247 "
,,,,
3/13/15,Cinderella,"$95,000,000 ","$201,151,353 ","$534,551,353 "
,,,,
7/13/12,Ice Age: Continental Drift,"$95,000,000 ","$161,321,843 ","$879,765,137 "
,,,,
12/28/01,Black Hawk Down,"$95,000,000 ","$108,638,745 ","$159,691,085 "
,,,,
5/27/10,Sex and the City 2,"$95,000,000 ","$95,347,692 ","$294,680,778 "
,,,,
2/12/10,Percy Jackson & the Olympians: The Lightning Thief,"$95,000,000 ","$88,768,303 ","$223,050,874 "